R6g,A/C Type
FXXGP69,SS0
FXXGP6K,75X
FXXHAVI,75O
FXXHAVN,75O
FXXHILU,76L
XX3NLA,
XX3NL3,LL0
XX3NLC,LL0
XX3NLD,LL0
XX3NL6,LL0
XX3NLF,LL0
XX3NLG,LL0
XX3NLH,
XX3NLI,LL0
XX3NL9,LL0
XX3NLK,74V
XX3NLL,LL0
XX3NLM,LL0
XX3NLN,74V
XX3NLO,LL0
XX3NLP,74V
XX3NLR,LL0
XX3NLS,LL0
XX3NLT,LL0
XX3NLU,LL0
XX3NLV,LL0
XX3NLW,LL0
XX3NLX,LL0
XX3NLY,74V
XX3NLZ,LL0
XX3NWA,767
XX3NW3,767
XX3NWC,LL0
XX3NWD,LL0
XX3NWH,LL0
XX3NWI,LL0
XX3NWM,LL0
XX3NWN,LL0
XX3NWO,LL0
XX3NWR,LL0
XX3NWS,LL0
XX3NWT,LL0
XX3NWU,LL0
XX3NWV,LL0
XX3NWW,LL0
XX3NWX,767
XX3NWY,LL0
XX3NWZ,767
XX3P6C,SS0
XX3P6D,
XX3P66,SS0
XX3P6I,
XX3P69,
XX3P6K,
XX3US3,
XX3USC,
XX3US6,
XX3USF,
XX3USG,SS0
XX3USH,SS0
XX3USI,SS0
XX3US9,SS0
XX3USK,SS0
XX3YGA,74S
XX3YG3,74S
XX3YGC,74S
XX3YGD,74S
XX3YG6,74S
XX3YGF,74S
XX3YGG,74S
XX3ZHA,767
XX3ZH3,767
XX3ZHC,767
XXCIVA,74V
XXCIV3,74V
XXCIVC,74V
XXCIVD,74V
XXCIV6,74V
XXCIVF,74S
XXCIVG,74S
XXCIVH,74S
XXCIVI,74S
XXCIV9,74V
XXCIVK,74V
XXCIVL,74V
XXCIVM,74V
XXCIVN,74V
XXCIVO,74V
XXCIVP,74V
XXCIVR,74S
XXCIVS,74S
XXCIVT,74V
XXCIVU,74V
XXCIVV,74S
XXCIVW,74S
XXCIVX,74S
XXCIVY,74S
XXCIVZ,74S
XXCP6L,SS0
XXCP6M,SS0
XXCP6N,SS0
XXCP6O,SS0
XXCP6R,
XXCP6S,
XXCP6T,
XXD3CA,31N
XXD3C3,31N
XXD3CC,31N
XXD3CD,31N
XXD3C6,31N
XXD3CF,31N
XXD3CG,31N
XXD3CH,31N
XXD3CI,31N
XXD3C9,31N
XXD3CK,31N
XXDOCA,SS0
XXDOC3,SS0
XXDOC6,SS0
XXDOCF,SS0
XXDOCG,SS0
XXDOCH,SS0
XXDOCL,SS0
XXDOCN,SS0
XXDOCO,SS0
XXDOCS,SS0
XXDOCT,SS0
XXDOCU,
XXDOCV,
XXDOCW,SS0
XXDOCX,SS0
XXDOCY,SS0
XXDOCZ,SS0
XX6M3I,33B
XX6M39,33B
XX6M3N,33B
XX6UNA,318
XX6UN3,318
XX6UOA,319
XX6UO3,319
XX6UOC,319
XX6UOD,319
XX6UO6,319
XX6UOF,319
XX6UOG,319
XX6UOH,319
XX6UOI,319
XX6UPA,319
XX6UP3,319
XX6UPC,319
XX6UPD,319
XX6UP6,319
XX6UPF,319
XX6UPG,319
XX6UPH,319
XX6UP9,319
XX6UPK,319
XX6UPL,319
XX6UPM,319
XX6UPN,319
XX6UPO,319
XX6UPP,319
XX6UPR,319
XX6UPS,319
XX6UPT,319
XX6UPU,319
XX6UPV,319
XX6UPW,319
XX6UPX,319
XX6UPY,319
XX6UPZ,319
XX6UUA,32A
XX6UU3,32A
XX6UUC,32A
XX6UUD,32A
XX6UU6,32A
XX6UUF,32A
XX6UUG,32A
XX6UUH,32A
XX6UUI,32A
XX6UU9,32A
XX6UUK,32A
XX6UUL,32A
XX6UUM,32A
XX6UUN,32A
XX6UUO,32A
XX6UUP,32A
XX6UUR,32A
XX6UUS,32A
XX6UUT,32A
XX6UUU,32A
XX6UUV,32A
XX6UUW,32A
XX6UUX,32A
XX6UUY,32A
XX6UUZ,32A
XX6UXC,321
XX6UXD,321
XX6UX6,321
XX6UXF,321
XX6UXG,321
XX6UXH,321
XX6UXI,321
XX6UX9,321
XX6UXK,321
XX6UXL,321
XX6UXM,321
XX6UYA,32A
XX6UY3,32A
XX6UYC,32A
XX6UYD,32A
XX6UY6,32A
XX6UYF,32A
XX6UYG,32A
XX6UYH,32A
XX6UYI,32A
XX6UY9,32A
XX6UYK,32A
XX6UYL,32A
XX6UYM,32A
XX6UYN,32A
XX6UYO,32A
XX6UYP,32A
XX6UYR,32A
XX6UYS,32A
XX6UYT,32A
XX6UYU,32A
XX6UYV,32A
XX6UYW,32A
XX6UYX,32A
XX6UYY,32A
XXGATH,32E
XXGAT9,32E
XXGATK,32E
XXGATL,32E
XXGATM,32E
XXGATN,32E
XXGATP,32E
XXGATR,32E
XXGATS,32E
XXGATU,32U
XXG3TA,SS0
XXG3T3,SS0
XXGFFA,
XXGFF3,
XXGFFD,
XXGFF6,
XXGFFF,
XXGFFG,SS0
XXGFFH,
XXGFFI,
XXGFF9,
XXGSSA,LL0
XXGSS3,LL0
XXGSSC,LL0
XXGSSD,W9X
XXGSS6,W9X
XXGSSF,W9X
XXLGT6,
XXLGTF,SS0
XXLGTG,SS0
XXLGTH,SS0
XXLGTI,SS0
XXM6DF,32J
XXM6DG,32J
XXM6DH,
XXM6D9,32J
XXM6DK,32G
XXM6DL,32Z
XXM6DM,32Z
XXM6DN,32J
XXM6DU,32J
XXMIDO,32M
XXMIDS,32M
XXMIDT,32C
XXMIDX,32M
XXMIDY,32M
XXRA6S,77Y
XXR9XA,33B
XXR9X3,33B
XXR9XC,33B
XXR9XD,33B
XXR9X6,33B
XXR9XF,33B
XXR9XG,33B
XXR9XH,33B
XXR9XI,33B
XXR9X9,33B
XXR9XK,33B
XXR9XL,33B
XXR9XM,33B
XXR9XP,33B
XXR9XR,33B
XXST3A,77G
XXST33,77G
XXST3C,77G
XXST3D,77G
XXST36,77G
XXST3F,77G
XXST3G,77G
XXST3H,77G
XXST3I,77G
XXST39,77G
XXST3K,77G
XXST3L,77G
XXSTRP,
XXTTO3,32A
XXTTO6,32A
XXVIIA,77Y
XXVII3,77Y
XXVIIC,77Y
XXVIID,77Y
XXVII6,77C
XXVIIF,77Y
XXVIIG,77Y
XXVIIH,77Y
XXVII9,77Y
XXVIIK,77Y
XXVIIL,77Y
XXVIIM,77Y
XXVIIN,77Y
XXVIIO,77D
XXVIIP,77D
XXVIIR,77D
XXVIIS,77Y
XXVIIT,77D
XXVIIU,77D
XXVIIV,77C
XXVIIW,77C
XXVIIX,77C
XXVIIY,77C
XXWW3D,33B
XXww3m,33B
XXXL6A,38A
XXXL63,38A
XXXL6C,38A
XXXL6D,38A
XXXL66,38A
XXXL6F,38A
XXXL6G,38A
XXXL6H,38A
XXXL6I,38A
XXXL69,38A
XXXL6K,38A
XXXL6L,38A
XXYMMA,77J
XXYMM3,77K
XXYMMC,77J
XXYMMD,77K
XXYMM6,77J
XXYMMF,77J
XXYMMG,77Z
XXYMMH,77Z
XXYMMI,77Z
XXYMM9,77Z
XXYMMK,77Z
XXYMML,77Z
XXYMMM,
XXYMMN,77Z
XXYMMO,77Z
XXYMMP,77Z
XXYMMR,77K
XXYMMS,77K
XXYMMT,77J
XXYMMU,77J
XXZ39A,78B
XXZ393,78B
XXZ39C,78B
XXZ39D,78B
XXZ396,78B
XXZ39F,78B
XXZ39G,78B
XXZ39H,78B
XXZ3KA,789
XXZ3K3,789
XXZ3KC,789
XXZ3KD,789
XXZ3K6,789
XXZ3KF,789
XXZ3KG,789
XXZ3KH,789
XXZ3KI,789
XXZ3K9,789
XXZ3KK,789
XXZ3KL,789
XXZ3KM,789
XXZ3KN,789
XXZ3KO,789
XXZ3KP,789
XXZZZA,77X
XXZZZ3,77X
XXZZZC,77X
